,hardness,uso_5d,gld_5d,spy_5d
hardness,1.0,-0.8385054199166609,0.8747345829148142,-0.8595827926837283
uso_5d,-0.8385054199166609,1.0,-0.9733256725893743,0.9670244521158358
gld_5d,0.8747345829148142,-0.9733256725893743,1.0,-0.9648279843092749
spy_5d,-0.8595827926837283,0.9670244521158358,-0.9648279843092749,1.0
