domain,TACO,HOLD,total,taco_rate,avg_hardness,uso_5d_mean,gld_5d_mean,spy_5d_mean
关税/科技,2,1,3,0.6666666666666666,4.666666666666667,0.7000000000000002,0.1666666666666667,0.6333333333333333
关税/能源,1,0,1,1.0,7.0,-1.2,1.5,-1.4
关税/贸易,11,3,14,0.7857142857142857,6.357142857142857,-0.5428571428571429,0.5214285714285715,-0.02857142857142847
科技/国家安全,1,0,1,1.0,8.0,0.4,1.2,-0.8
货币政策,1,0,1,1.0,4.0,1.1,-0.4,1.6
